,lengthscale,variance,model,likelihood,rmse
k1,815.744393485959,40.804074828340795,glac1d_l96C_ump3_lm3,-599.5907318935898,0.7699456983801267
k2,10637.420115523906,0.20541208807619973,glac1d_l96C_ump3_lm3,-599.5907318935898,0.7699456983801267
k5,,8.843354384489421e-168,glac1d_l96C_ump3_lm3,-599.5907318935898,0.7699456983801267
